{"ID":10000,"Name":"ShuiPingShiGuanJia","jsonParentRelateInfos":null,"jsonWorldTransforms":[{"JsonWorldPos":{"x":1.72400951385498,"y":1.07615971565247,"z":0.276853442192078},"JsonWorldRot":{"x":270.0,"y":270.0,"z":0.0},"JsonWorldScal":{"x":0.540000021457672,"y":0.540000021457672,"z":0.540000021457672}},{"JsonWorldPos":{"x":1.72400951385498,"y":1.07615971565247,"z":0.558307349681854},"JsonWorldRot":{"x":270.0,"y":270.0,"z":0.0},"JsonWorldScal":{"x":0.540000021457672,"y":0.540000021457672,"z":0.540000021457672}}],"childRenID":null}
{"ID":10001,"Name":"PenDeng","jsonParentRelateInfos":null,"jsonWorldTransforms":[{"JsonWorldPos":{"x":1.71975922584534,"y":0.977799296379089,"z":0.401135921478271},"JsonWorldRot":{"x":270.0,"y":270.0,"z":0.0},"JsonWorldScal":{"x":0.540000021457672,"y":0.540000021457672,"z":0.540000021457672}}],"childRenID":null}
{"ID":10002,"Name":"ShuiPingShiGuan","jsonParentRelateInfos":null,"jsonWorldTransforms":[{"JsonWorldPos":{"x":1.7203973531723,"y":1.14553940296173,"z":0.417078018188477},"JsonWorldRot":{"x":270.0,"y":270.0,"z":0.0},"JsonWorldScal":{"x":0.540000021457672,"y":0.540000021457672,"z":0.540000021457672}}],"childRenID":[10003]}
{"ID":10003,"Name":"ShuiPingShiGuanSai","jsonParentRelateInfos":[{"parentID":10002,"JsonLocalPos":{"x":-0.321090698242188,"y":-0.000234437204198912,"z":-2.1514892068808E-05},"JsonLocalRot":{"x":0.0,"y":270.0,"z":0.0},"JsonlocalScal":{"x":2.0,"y":2.0,"z":2.0}},{"parentID":10002,"JsonLocalPos":{"x":0.328189700841904,"y":-1.32061535040862E-08,"z":0.0},"JsonLocalRot":{"x":0.0,"y":90.0,"z":0.0},"JsonlocalScal":{"x":2.0,"y":2.0,"z":2.0}}],"jsonWorldTransforms":null,"childRenID":[10004]}
{"ID":10004,"Name":"TongQiGuan","jsonParentRelateInfos":[{"parentID":10003,"JsonLocalPos":{"x":0.0,"y":0.0,"z":0.0109850624576211},"JsonLocalRot":{"x":0.0,"y":270.0,"z":0.0},"JsonlocalScal":{"x":1.0,"y":1.0,"z":1.0}}],"jsonWorldTransforms":null,"childRenID":[10005]}
{"ID":10005,"Name":"LianJieGuan","jsonParentRelateInfos":[{"parentID":10004,"JsonLocalPos":{"x":0.0581877529621124,"y":0.000117328978376463,"z":1.07511878013611E-05},"JsonLocalRot":{"x":-5.46415139979217E-05,"y":90.0,"z":270.0},"JsonlocalScal":{"x":1.0,"y":1.0,"z":1.0}}],"jsonWorldTransforms":null,"childRenID":null}
{"ID":10006,"Name":"ChangLDaoGuan","jsonParentRelateInfos":[{"parentID":10012,"JsonLocalPos":{"x":0.0429943017661572,"y":0.0,"z":-0.053909033536911},"JsonLocalRot":{"x":0.0,"y":0.0,"z":0.0},"JsonlocalScal":{"x":0.625,"y":0.625,"z":0.625}}],"jsonWorldTransforms":null,"childRenID":null}
{"ID":10007,"Name":"DuanLDaoGuan","jsonParentRelateInfos":[{"parentID":10012,"JsonLocalPos":{"x":-0.0546379201114178,"y":0.0,"z":0.0343831107020378},"JsonLocalRot":{"x":0.0,"y":0.0,"z":0.0},"JsonlocalScal":{"x":0.625,"y":0.625,"z":0.625}}],"jsonWorldTransforms":null,"childRenID":null}
{"ID":10008,"Name":"JiuJingDeng","jsonParentRelateInfos":null,"jsonWorldTransforms":[{"JsonWorldPos":{"x":1.72555577754974,"y":1.07246005535126,"z":-0.0140200033783913},"JsonWorldRot":{"x":270.0,"y":270.0,"z":0.0},"JsonWorldScal":{"x":0.540000021457672,"y":0.540000021457672,"z":0.540000021457672}}],"childRenID":null}
{"ID":10010,"Name":"ShengJiangTai","jsonParentRelateInfos":null,"jsonWorldTransforms":[{"JsonWorldPos":{"x":1.71311843395233,"y":0.943869471549988,"z":-0.0152153894305229},"JsonWorldRot":{"x":270.0,"y":270.0,"z":0.0},"JsonWorldScal":{"x":1.0,"y":1.0,"z":1.0}}],"childRenID":null}
{"ID":10011,"Name":"ShiGuan_L","jsonParentRelateInfos":null,"jsonWorldTransforms":[{"JsonWorldPos":{"x":1.72039985656738,"y":0.979202806949615,"z":0.0766320303082466},"JsonWorldRot":{"x":270.0,"y":270.0,"z":0.0},"JsonWorldScal":{"x":0.540000021457672,"y":0.540000021457672,"z":0.540000021457672}}],"childRenID":[10012]}
{"ID":10012,"Name":"ShiGuanSai_L","jsonParentRelateInfos":[{"parentID":10011,"JsonLocalPos":{"x":1.70898438227596E-05,"y":-0.000187553392606787,"z":0.169227749109268},"JsonLocalRot":{"x":0.0,"y":0.0,"z":0.0},"JsonlocalScal":{"x":1.59999990463257,"y":1.59999990463257,"z":1.59999990463257}}],"jsonWorldTransforms":null,"childRenID":[10007,10006]}
