{"ID":10000,"Name":"ShuiPingShiGuanJia","jsonWorldTransforms":[{"JsonWorldPos":{"x":1.72400951385498,"y":1.07615971565247,"z":0.276853442192078},"JsonWorldRot":{"x":270.0,"y":270.0,"z":0.0},"JsonWorldScal":{"x":0.540000021457672,"y":0.540000021457672,"z":0.540000021457672}},{"JsonWorldPos":{"x":1.72400951385498,"y":1.07615971565247,"z":0.558307349681854},"JsonWorldRot":{"x":270.0,"y":270.0,"z":0.0},"JsonWorldScal":{"x":0.540000021457672,"y":0.540000021457672,"z":0.540000021457672}}],"jsonChildPosInfos":null,"parentIDs":null}
{"ID":10001,"Name":"PenDeng","jsonWorldTransforms":[{"JsonWorldPos":{"x":1.71975922584534,"y":0.977799296379089,"z":0.401135921478271},"JsonWorldRot":{"x":270.0,"y":270.0,"z":0.0},"JsonWorldScal":{"x":0.540000021457672,"y":0.540000021457672,"z":0.540000021457672}}],"jsonChildPosInfos":null,"parentIDs":null}
{"ID":10002,"Name":"ShuiPingShiGuan","jsonWorldTransforms":[{"JsonWorldPos":{"x":1.7203973531723,"y":1.14553940296173,"z":0.417078018188477},"JsonWorldRot":{"x":270.0,"y":270.0,"z":0.0},"JsonWorldScal":{"x":0.540000021457672,"y":0.540000021457672,"z":0.540000021457672}}],"jsonChildPosInfos":[{"childID":10003,"JsonChildPos":{"x":0.328189700841904,"y":-1.32061535040862E-08,"z":0.0},"JsonChildRot":{"x":0.0,"y":90.0,"z":0.0},"JsonChildScal":{"x":2.0,"y":2.0,"z":2.0}},{"childID":10003,"JsonChildPos":{"x":-0.321090698242188,"y":-0.000234437204198912,"z":-2.1514892068808E-05},"JsonChildRot":{"x":0.0,"y":270.0,"z":0.0},"JsonChildScal":{"x":2.0,"y":2.0,"z":2.0}}],"parentIDs":null}
{"ID":10003,"Name":"ShuiPingShiGuanSai","jsonWorldTransforms":null,"jsonChildPosInfos":[{"childID":10004,"JsonChildPos":{"x":0.0,"y":0.0,"z":0.0109850475564599},"JsonChildRot":{"x":0.0,"y":270.0,"z":0.0},"JsonChildScal":{"x":1.0,"y":1.0,"z":1.0}}],"parentIDs":[10002]}
{"ID":10004,"Name":"TongQiGuan","jsonWorldTransforms":null,"jsonChildPosInfos":null,"parentIDs":[10003]}
{"ID":10005,"Name":"LianJieGuan","jsonWorldTransforms":null,"jsonChildPosInfos":null,"parentIDs":[10006]}
{"ID":10006,"Name":"ChangLDaoGuan","jsonWorldTransforms":null,"jsonChildPosInfos":[{"childID":10005,"JsonChildPos":{"x":0.102211251854897,"y":0.00018313831242267,"z":0.225014433264732},"JsonChildRot":{"x":-5.46415139979217E-05,"y":270.0,"z":270.0},"JsonChildScal":{"x":2.0,"y":2.0,"z":2.0}}],"parentIDs":[10012]}
{"ID":10007,"Name":"DuanLDaoGuan","jsonWorldTransforms":null,"jsonChildPosInfos":null,"parentIDs":[10012]}
{"ID":10008,"Name":"JiuJingDeng","jsonWorldTransforms":[{"JsonWorldPos":{"x":1.7199000120163,"y":1.07679998874664,"z":-0.0151000004261732},"JsonWorldRot":{"x":271.123962402344,"y":158.052612304688,"z":112.084945678711},"JsonWorldScal":{"x":0.539999842643738,"y":0.539999902248383,"z":0.539999961853027}}],"jsonChildPosInfos":null,"parentIDs":null}
{"ID":10010,"Name":"ShengJiangTai","jsonWorldTransforms":[{"JsonWorldPos":{"x":1.72899997234344,"y":0.943869471549988,"z":-0.0152153894305229},"JsonWorldRot":{"x":270.0,"y":270.0,"z":0.0},"JsonWorldScal":{"x":1.0,"y":1.0,"z":1.0}}],"jsonChildPosInfos":null,"parentIDs":null}
{"ID":10011,"Name":"ShiGuan_L","jsonWorldTransforms":[{"JsonWorldPos":{"x":1.72039985656738,"y":0.979202806949615,"z":0.0766320303082466},"JsonWorldRot":{"x":270.0,"y":270.0,"z":0.0},"JsonWorldScal":{"x":0.540000021457672,"y":0.540000021457672,"z":0.540000021457672}}],"jsonChildPosInfos":[{"childID":10012,"JsonChildPos":{"x":1.70898438227596E-05,"y":-0.000187553392606787,"z":0.169227749109268},"JsonChildRot":{"x":0.0,"y":0.0,"z":0.0},"JsonChildScal":{"x":1.59999990463257,"y":1.59999990463257,"z":1.59999990463257}}],"parentIDs":null}
{"ID":10012,"Name":"ShiGuanSai_L","jsonWorldTransforms":null,"jsonChildPosInfos":[{"childID":10007,"JsonChildPos":{"x":-0.0546379163861275,"y":0.0,"z":0.0343831107020378},"JsonChildRot":{"x":0.0,"y":0.0,"z":0.0},"JsonChildScal":{"x":0.624999940395355,"y":0.624999940395355,"z":0.624999940395355}},{"childID":10006,"JsonChildPos":{"x":0.0429942905902863,"y":0.0,"z":-0.053909033536911},"JsonChildRot":{"x":0.0,"y":0.0,"z":0.0},"JsonChildScal":{"x":0.62499988079071,"y":0.62499988079071,"z":0.62499988079071}}],"parentIDs":[10011]}
